Vietnamese,Bahnar,
Brennen,Cars,
Sutton,Sandall,
Richmond,Hutchin,
Lorenza,Maher,
Becki,Draisey,
Glori,Berr,
Manfred,Rosengren,
Veronique,Georgel,
Keir,Noirel,
Dulcinea,Whatling,
Brandy,Mearing,
Maggy,Alford,
Norean,Sherburn,
Lanny,Synke,
Elyn,Donohue,
Marybeth,Mackrill,
Bjorn,Jarvis,
Fiann,Rubi,
Emmanuel,Snewin,
Brocky,Ingreda,
Fran,Auckland,
Nan,Lippi,
Niccolo,Pargent,
Hadley,Nowlan,
Marcelle,Stoller,
Bianca,Varrow,
Ramsey,Claessens,
Gladys,Berrey,
Vernice,Dawbury,
Lisle,Klarzynski,
Eldredge,Ong,
Horatius,Mussetti,
Hilliary,Tunnadine,
Shaina,Falvey,
Annabal,Dowsett,
Joanne,Ingledow,
Garner,Losseljong,
Shayla,Konneke,
Myra,Danilovic,
Nicol,Dewett,
Natty,Ariss,
Alisa,Stormont,
Hillier,Tweedlie,
Jillana,Tommasuzzi,
Lorrayne,Killwick,
Corenda,Ungerer,
Colin,Upstell,
Neile,Keller,
Dana,Norcock,
Simeon,Davidovicz,
Jacquie,Herion,
Even,Crouse,
Raye,Christophersen,
Sid,Chaudron,
Puff,Hordell,
Kania,Chaldecott,
Gibbie,Laetham,
Renee,Pourveer,
Franciskus,Yardy,
Tod,Thying,
Layton,Dawton,
Mackenzie,Moulding,
Ronna,Van,
Jo-anne,Baughn,
Durand,Mollitt,
Dave,Brito,
Pierette,Raincin,
Clarence,Eplett,
Dulcea,Whitcher,
Rodd,McConville,
Klaus,Merriment,
Cindy,Scholtz,
Delilah,Ardley,
Gardner,Crummey,
Berti,Novis,
Tades,Devany,
Tara,Charpin,
Giselle,Moroney,
Sonny,Ickovici,
Helenka,Tallquist,
Roseann,Walesby,
Ignace,Springthorp,
Inessa,Coate,
Cam,Stonard,
Margette,Sealand,
Adolphe,Tebbutt,
Antonin,McCreedy,
Calv,Mullender,
Lisetta,MacArthur,
Clemente,Tym,
Florian,Hartmann,
Hurley,Fletcher,
Kellie,Danett,
Arnuad,Ackerman,
Marv,Gateman,
Selie,Peschet,
Ingram,Hanhardt,
Ibbie,Beagles,
Devi,Bilson,
Bambie,Castelijn,
Regina,Charsley,
Vinnie,Frammingham,
Abbye,Syder,
Corrinne,Proschke,
Elihu,Curedale,
Edithe,Titman,
Sal,Naire,
Loleta,Stidever,
Christos,McKirdy,
Iris,Faichnie,
Estrellita,Romaine,
Lynda,Sloane,
Jeanna,Filyashin,
Loraine,Luberti,
Gilberte,Standall,
Lizbeth,Zohrer,
Ellswerth,Clarey,
Lacee,O'Hallagan,
Nefen,Raycroft,
Erwin,Witherbed,
Rafferty,Thaller,
Sonya,Shaxby,
Beaufort,Coolbear,
Duff,Rathmell,
Briny,Bick,
Mariya,Matyja,
Henrie,Dizlie,
Fiona,Matton,
Lydie,Bentame,
Milena,Huikerby,
Natividad,Duckers,
hai con gà,two ara,
Sean,Wilne,
Queenie,Porrett,
L;urette,Wybern,
ba con vịt,three uru,
Jobie,Prichard,
Freda,Basset,
Olympie,Gibbonson,
một con vịt,one ara,
Cornell,Westoff,
Austen,Kordova,
Giuditta,Whetnell,
Brad,Sloey,
Delmar,Seagrave,
Donnell,Peregrine,
Joana,Cristofori,
Roshelle,Bestwall,
Vivia,Gormally,
Kendall,Fitzharris,
Luciano,Milkins,
Danika,McCosker,
Betti,Ludlom,
Elvis,Franscioni,
Zebedee,Ranscomb,
Lavina,Anglim,
Brena,Stollsteimer,
Heywood,Heugh,
Brent,Brockwell,
Penni,Shirley,
Dorree,Geare,
Arline,Beesey,
Tomaso,Sigsworth,
Abdel,Westrey,
Micheal,Danzelman,
Daryl,Cutts,
Jamesy,Calven,
Leodora,Molyneux,
Lari,Corney,
Darsey,Sjostrom,
Meggi,Hallford,
Dwight,Chieze,
Chadd,Stocking,
Charlotta,Semark,
Orelee,Gauvin,
